region;absolute;foreigners;invalid;youth;adult;old;longterms;percent
Deutschland;2896985;474283;176040;46693;274035;544484;1031722;7,6
  Schleswig-Holstein;100048;10751;5204;2188;10752;17374;33452;7,7
      Flensburg, Kreisfreie Stadt;5127;506;277;122;640;691;1637;12,5
      Kiel, Landeshauptstadt, Kreisfreie Stadt;12732;2037;485;232;1118;1761;4637;11,3
      Lübeck, Hansestadt, Kreisfreie Stadt;11009;1624;536;227;1152;1566;4304;11,6
      Neumünster, Kreisfreie Stadt;4376;616;177;121;561;597;1599;12,4
      Dithmarschen, Landkreis;5217;283;233;172;710;807;1358;9
      Herzogtum Lauenburg, Landkreis;6059;752;364;154;706;1048;2153;7
      Nordfriesland, Landkreis;5951;333;240;99;584;1184;1755;7,7
      Ostholstein, Landkreis;6439;421;363;136;678;1270;1944;7,3
      Pinneberg, Landkreis;8721;1553;439;176;861;1532;2637;6,2
      Plön, Landkreis;3613;208;184;71;376;770;1278;6,4
      Rendsburg-Eckernförde, Landkreis;7357;462;443;162;822;1460;2153;6,2
      Schleswig-Flensburg, Landkreis;7865;430;588;196;923;1442;3440;8,8
      Segeberg, Landkreis;6716;658;391;118;672;1450;1927;5,4
      Steinburg, Landkreis;3983;270;170;106;484;749;1114;6,6
      Stormarn, Landkreis;4882;600;315;98;467;1046;1517;4,6
  Hamburg;70435;17524;3512;959;5213;10170;21551;8,6
  Niedersachsen;264533;36197;13160;4681;26343;46910;93119;7,3
    Braunschweig, Stat. Region;55555;6676;2443;891;4906;10016;19136;.
      Braunschweig, Kreisfreie Stadt;9566;1531;489;116;653;1623;3586;8,2
      Salzgitter, Kreisfreie Stadt;4403;746;230;64;361;753;1520;9,8
      Wolfsburg, Kreisfreie Stadt;3225;608;133;46;323;538;1038;5,7
      Gifhorn, Landkreis;4816;537;220;112;541;882;1669;5,9
      Göttingen, Landkreis;7723;910;314;130;638;1354;1854;6,7
      Goslar, Landkreis;6128;537;281;79;489;1180;2330;10,1
      Helmstedt, Landkreis;3484;312;168;54;356;610;1449;8,3
      Northeim, Landkreis;4936;450;249;81;491;932;1718;7,8
      Osterode am Harz, Landkreis;3322;306;104;79;313;565;1363;9,7
      Peine, Landkreis;4113;365;190;67;399;803;1189;6,7
      Wolfenbüttel, Landkreis;3841;376;198;64;342;777;1419;7
    Hannover, Stat. Region;81978;15595;3811;1499;8137;13987;31990;.
      Region Hannover, Landkreis;47531;11376;2285;841;4438;7747;19681;9,1
      Hannover, Landeshauptstadt;.;.;.;.;.;.;.;.
      Diepholz, Landkreis;5043;509;200;103;592;901;1354;5
      Hameln-Pyrmont, Landkreis;6075;926;336;121;659;1060;2284;8,9
      Hildesheim, Landkreis;10768;1300;459;183;1043;1849;4364;8,4
      Holzminden, Landkreis;2916;261;134;45;283;529;975;9,1
      Nienburg (Weser), Landkreis;3739;402;185;79;439;746;1146;6,6
      Schaumburg, Landkreis;5907;822;212;126;683;1155;2187;8,3
    Lüneburg, Stat. Region;52046;5262;2347;982;5538;9603;17486;.
      Celle, Landkreis;6700;774;262;149;767;1227;2606;8,5
      Cuxhaven, Landkreis;6018;590;296;118;635;1254;2049;6,8
      Harburg, Landkreis;6164;750;267;108;618;1320;2029;5,4
      Lüchow-Dannenberg, Landkreis;2312;130;100;44;243;378;832;11,9
      Lüneburg, Landkreis;5854;536;224;122;610;940;1676;7,2
      Osterholz, Landkreis;2431;290;106;44;245;473;628;4,7
      Rotenburg (Wümme), Landkreis;3775;309;174;55;401;684;1163;4,9
      Heidekreis, Landkreis;4902;470;247;120;622;776;1522;7,5
      Stade, Landkreis;6674;637;332;143;755;1222;2502;7,1
      Uelzen, Landkreis;3255;213;168;49;360;548;894;8
      Verden, Landkreis;3963;562;173;29;283;781;1587;6,2
    Weser-Ems, Stat. Region;74954;8664;4427;1310;7762;13304;24507;.
      Delmenhorst, Kreisfreie Stadt;4228;863;185;84;440;640;1735;12,1
      Emden, Kreisfreie Stadt;2179;164;138;53;248;349;840;9,4
      Oldenburg (Oldenburg), Kreisfreie Stadt;7126;985;435;144;756;1080;2709;9,2
      Osnabrück, Kreisfreie Stadt;6442;1410;402;91;577;1052;2320;8,6
      Wilhelmshaven, Kreisfreie Stadt;4592;413;299;66;385;744;2037;13,6
      Ammerland, Landkreis;2813;227;177;25;245;560;743;5,1
      Aurich, Landkreis;7391;390;373;137;752;1326;2626;8,7
      Cloppenburg, Landkreis;4489;475;325;91;529;839;1348;6
      Emsland, Landkreis;5835;488;367;100;681;1135;1324;3,9
      Friesland, Landkreis;3132;215;174;44;293;572;979;7,2
      Grafschaft Bentheim, Landkreis;3159;543;144;46;296;663;1087;5
      Leer, Landkreis;5212;352;305;112;648;842;1753;7
      Oldenburg, Landkreis;2860;281;160;63;289;506;594;4,8
      Osnabrück, Landkreis;7327;816;503;76;642;1594;1787;4,2
      Vechta, Landkreis;2948;609;142;65;378;524;733;4,2
      Wesermarsch, Landkreis;3321;353;193;82;401;524;1434;8,2
      Wittmund, Landkreis;1901;79;106;30;202;356;458;7,8
  Bremen;36826;8238;1578;536;3369;5238;16176;12,3
      Bremen, Kreisfreie Stadt;28521;6928;1189;387;2532;4027;12611;11,5
      Bremerhaven, Kreisfreie Stadt;8305;1310;389;149;837;1211;3565;16,4
  Nordrhein-Westfalen;733276;157574;46099;11924;71241;122545;305727;8,9
    Düsseldorf, Regierungsbezirk;240317;56292;14275;3754;21893;39616;103608;.
      Düsseldorf, Kreisfreie Stadt;27245;8424;1644;282;1655;4477;12215;9,8
      Duisburg, Kreisfreie Stadt;31228;8601;1935;494;2943;4567;14406;14,2
      Essen, Kreisfreie Stadt;35641;8116;1539;508;3270;5672;16120;13,8
      Krefeld, Kreisfreie Stadt;12084;2364;770;142;924;2076;5197;11,8
      Mönchengladbach, Kreisfreie Stadt;14640;2920;893;347;1634;2156;5449;12,4
      Mülheim an der Ruhr, Kreisfreie Stadt;6499;1877;331;25;268;1394;3351;8,6
      Oberhausen, Kreisfreie Stadt;12540;2918;823;205;1204;2020;6517;13
      Remscheid, Kreisfreie Stadt;5206;1401;305;82;510;855;2262;9,9
      Solingen, Kreisfreie Stadt;6842;1883;402;131;733;1141;2926;9,3
      Wuppertal, Kreisfreie Stadt;20767;5672;1063;443;2186;2752;8538;13,2
      Kleve, Kreis;9220;1287;598;160;1056;1782;3168;6,6
      Mettmann, Kreis;17151;3916;940;247;1483;3116;7467;7,6
      Rhein-Kreis Neuss;13585;2823;948;198;1186;2655;5201;6,6
      Viersen, Kreis;11036;1596;797;231;1172;2059;4283;7,9
      Wesel, Kreis;16634;2495;1285;259;1669;2895;6508;7,8
    Köln, Regierungsbezirk;168642;38864;10234;2890;16425;27712;69432;.
      Bonn, Kreisfreie Stadt;10729;2659;695;167;907;1617;4378;7,5
      Köln, Kreisfreie Stadt;50173;15831;2788;639;3713;7215;22127;10,5
      Leverkusen, Kreisfreie Stadt;6495;1621;413;134;803;1051;2333;8,9
      Städteregion Aachen (einschl. Stadt Aachen);24114;5407;1489;429;2345;3884;10251;9,5
      Aachen, krfr. Stadt;.;.;.;.;.;.;.;.
      Aachen, Kreis;-;-;-;-;-;-;-;-
      Düren, Kreis;10247;1608;569;263;1251;1457;3953;8,4
      Rhein-Erft-Kreis;17623;3759;1135;313;1848;3187;7590;8,3
      Euskirchen, Kreis;6053;633;377;121;726;1177;2189;6,8
      Heinsberg, Kreis;9266;1200;530;233;1161;1567;3561;8
      Oberbergischer Kreis;8590;1328;634;147;938;1798;3396;6,6
      Rheinisch-Bergischer Kreis;8733;1644;588;113;803;1836;3798;6,9
      Rhein-Sieg-Kreis;16619;3176;1015;331;1931;2923;5857;6,2
    Münster, Regierungsbezirk;96097;17413;5113;1723;10310;15894;38970;.
      Bottrop, Kreisfreie Stadt;5122;958;276;95;603;777;2113;9,6
      Gelsenkirchen, Kreisfreie Stadt;17738;4195;1047;333;1767;2480;8308;15,9
      Münster, Kreisfreie Stadt;9113;1588;503;145;861;1354;3162;6,6
      Borken, Kreis;8270;1062;568;130;933;1592;2963;4,6
      Coesfeld, Kreis;3542;333;184;72;466;733;634;3,4
      Recklinghausen, Kreis;33721;6071;1248;576;3414;5641;15982;11,9
      Steinfurt, Kreis;10566;1695;739;232;1391;1829;2772;4,9
      Warendorf, Kreis;8025;1511;548;141;874;1488;3037;6,1
    Detmold, Regierungsbezirk;68673;12254;3596;1095;7565;12004;25194;.
      Bielefeld, Kreisfreie Stadt;14996;4250;655;261;1564;2167;5872;10,2
      Gütersloh, Kreis;9236;1919;503;134;1061;1574;2878;5,4
      Herford, Kreis;8009;1340;418;127;893;1531;2901;6,8
      Höxter, Kreis;3917;295;280;55;457;853;1246;5,9
      Lippe, Kreis;13335;1939;652;192;1490;2467;5281;8,3
      Minden-Lübbecke, Kreis;9260;1132;394;161;1046;1648;3130;6,3
      Paderborn, Kreis;9921;1378;695;163;1054;1765;3885;6,9
    Arnsberg, Regierungsbezirk;159547;32751;12881;2462;15048;27320;68523;.
      Bochum, Kreisfreie Stadt;18082;3482;1502;247;1570;2764;7768;10,9
      Dortmund, Kreisfreie Stadt;37470;9461;3096;644;3572;5889;17268;14,4
      Hagen, Kreisfreie Stadt;9656;2655;763;182;1029;1427;4072;11,2
      Hamm, Kreisfreie Stadt;9433;2182;784;167;838;1877;5481;11,7
      Herne, Kreisfreie Stadt;10038;2371;738;155;922;1416;4611;14,5
      Ennepe-Ruhr-Kreis;12292;2087;962;124;932;2424;4736;8
      Hochsauerlandkreis;7052;952;465;98;710;1354;2558;5,4
      Märkischer Kreis;14970;3072;1230;198;1408;2801;5567;7,4
      Olpe, Kreis;3306;602;272;50;374;559;1159;4,8
      Siegen-Wittgenstein, Kreis;8311;1321;649;183;1006;1641;3076;6,1
      Soest, Kreis;9928;1386;719;142;947;1918;3915;6,9
      Unna, Kreis;19009;3182;1701;272;1740;3251;8314;10,3
  Hessen;178320;46240;13036;3302;17463;32350;61157;6,4
    Darmstadt, Regierungsbezirk;112447;35853;7179;2061;10250;19529;38174;.
      Darmstadt, Kreisfreie Stadt;4540;1431;235;104;464;676;1559;6,7
      Frankfurt am Main, Kreisfreie Stadt;25724;10281;1668;414;2070;4152;8703;8,3
      Offenbach am Main, Kreisfreie Stadt;6517;3144;491;118;517;1022;2099;12
      Wiesbaden, Landeshauptstadt, Kreisfreie Stadt;10288;3089;652;252;1122;1412;3348;8,1
      Bergstraße, Landkreis;6286;1398;437;54;399;1082;2522;5,1
      Darmstadt-Dieburg, Landkreis;6980;1748;400;150;716;1314;2746;5,1
      Groß-Gerau, Landkreis;7853;3059;210;143;787;1106;2759;6,5
      Hochtaunuskreis;4231;1247;226;43;304;896;1635;4,3
      Main-Kinzig-Kreis;10659;2573;795;269;1189;1842;2572;5,6
      Main-Taunus-Kreis;5136;1482;406;65;389;1075;1765;4,8
      Odenwaldkreis;2850;702;154;78;334;564;1403;4,8
      Offenbach, Landkreis;9837;3287;590;166;866;1887;2722;6,3
      Rheingau-Taunus-Kreis;4074;884;224;54;334;860;1765;6,2
      Wetteraukreis;7473;1528;692;151;761;1642;2579;4,8
    Gießen, Regierungsbezirk;30912;5623;2633;518;3328;5604;11449;.
      Gießen, Landkreis;9275;1662;911;149;953;1685;4131;7,8
      Lahn-Dill-Kreis;7746;1622;579;136;827;1520;3073;6,5
      Limburg-Weilburg, Landkreis;5079;1102;378;89;577;817;1727;6,4
      Marburg-Biedenkopf, Landkreis;6003;1020;511;92;663;960;1761;5,3
      Vogelsbergkreis;2810;218;255;53;308;623;757;5,5
    Kassel, Regierungsbezirk;34962;4764;3223;723;3886;7217;11534;.
      Kassel, Kreisfreie Stadt;9517;2226;632;214;1078;1647;3588;11
      Fulda, Landkreis;4080;484;549;76;410;901;1091;4
      Hersfeld-Rotenburg, Landkreis;3207;332;329;67;351;748;1153;5,8
      Kassel, Landkreis;5981;637;506;127;666;1356;2019;5,5
      Schwalm-Eder-Kreis;4575;449;408;85;520;967;1280;5,5
      Waldeck-Frankenberg, Landkreis;4265;411;459;90;479;916;1300;5,7
      Werra-Meißner-Kreis;3337;225;341;63;382;682;1103;7,5
  Rheinland-Pfalz;111079;17289;6571;2448;12162;21059;35172;5,9
    Koblenz, Stat. Region;40120;5231;2241;810;4219;7873;12349;.
      Koblenz, Kreisfreie Stadt;3850;736;211;76;360;666;1223;7,7
      Ahrweiler, Landkreis;2613;377;158;48;286;510;769;4,5
      Altenkirchen (Westerwald), Landkreis;3600;359;229;75;369;720;1227;5,8
      Bad Kreuznach, Landkreis;5559;852;297;130;610;1053;2071;7,6
      Birkenfeld, Landkreis;2710;190;168;52;300;552;974;7,1
      Cochem-Zell, Landkreis;1244;95;76;28;139;285;327;4,2
      Mayen-Koblenz, Landkreis;5599;613;253;123;625;1062;1557;5,6
      Neuwied, Landkreis;5490;916;336;120;620;1114;1661;6,6
      Rhein-Hunsrück-Kreis;2476;232;154;39;239;551;800;5
      Rhein-Lahn-Kreis;2713;340;136;27;195;547;693;4,7
      Westerwaldkreis;4265;522;222;92;477;813;1047;4,4
    Trier, Stat. Region;10570;1096;725;268;1332;2109;2540;.
      Trier, Kreisfreie Stadt;3027;381;173;85;380;477;733;6,1
      Bernkastel-Wittlich, Landkreis;2111;235;166;51;255;508;422;3,9
      Eifelkreis Bitburg-Prüm;1471;133;93;41;201;275;303;3,2
      Vulkaneifel, Landkreis;1394;87;89;23;152;338;484;4,8
      Trier-Saarburg, Landkreis;2567;260;205;69;344;511;598;3,6
    Rheinhessen-Pfalz, Stat. Region;60389;10962;3606;1370;6611;11077;20283;.
      Frankenthal (Pfalz), Kreisfreie Stadt;1617;368;86;38;183;256;619;7,6
      Kaiserslautern, Kreisfreie Stadt;5225;749;304;115;529;953;2083;11,5
      Landau in der Pfalz, Kreisfreie Stadt;1091;176;64;21;104;214;325;5,3
      Ludwigshafen am Rhein, Kreisfreie Stadt;7546;2515;370;165;761;1001;3108;10,4
      Mainz, Kreisfreie Stadt;6216;2036;345;123;535;893;2066;6,5
      Neustadt an der Weinstraße, Kreisfreie Stadt;1588;192;98;32;162;268;551;6,5
      Pirmasens, Kreisfreie Stadt;2688;257;152;86;332;442;1029;14,6
      Speyer, Kreisfreie Stadt;1670;387;96;44;179;275;689;7,1
      Worms, Kreisfreie Stadt;3392;728;173;92;419;536;1161;8,8
      Zweibrücken, Kreisfreie Stadt;1302;138;82;27;140;272;437;8,2
      Alzey-Worms, Landkreis;3060;408;180;68;372;625;833;5,1
      Bad Dürkheim, Landkreis;2748;306;191;56;273;586;797;4,5
      Donnersbergkreis;2168;223;155;43;242;499;697;6
      Germersheim, Landkreis;3080;570;188;79;375;588;792;4,9
      Kaiserslautern, Landkreis;2939;260;218;63;350;631;974;6
      Kusel, Landkreis;1954;96;143;41;254;535;567;5,7
      Südliche Weinstraße, Landkreis;2212;219;151;44;239;476;654;4,3
      Rhein-Pfalz-Kreis;2911;525;175;60;327;565;1094;4
      Mainz-Bingen, Landkreis;4583;701;228;117;548;846;1157;4,7
      Südwestpfalz, Landkreis;2400;107;208;55;289;616;653;5,1
  Baden-Württemberg;222196;55249;17162;3226;19095;46866;66699;4,4
    Stuttgart, Regierungsbezirk;84939;24586;5928;1192;7080;18193;26440;.
      Stuttgart, Landeshauptstadt, Kreisfreie Stadt;16625;6484;899;190;1108;2868;5675;6,2
      Böblingen, Landkreis;7051;2254;434;76;508;1561;2079;4
      Esslingen, Landkreis;10013;3064;704;164;867;2054;3408;4,1
      Göppingen, Landkreis;5392;1431;445;97;569;1288;1358;4,6
      Ludwigsburg, Landkreis;10422;3213;792;149;898;2355;3099;4,2
      Rems-Murr-Kreis;8419;2532;524;88;634;1837;2646;4,3
      Heilbronn, Kreisfreie Stadt;3766;1304;293;60;327;677;1080;6,7
      Heilbronn, Landkreis;6333;1460;504;96;585;1368;1900;3,9
      Hohenlohekreis;1808;258;158;28;165;460;528;3,3
      Schwäbisch Hall, Landkreis;3337;460;307;62;360;754;872;3,6
      Main-Tauber-Kreis;2421;312;357;37;222;625;823;3,8
      Heidenheim, Landkreis;3227;661;232;48;273;829;1068;5,3
      Ostalbkreis;6125;1155;280;97;565;1518;1906;4,2
    Karlsruhe, Regierungsbezirk;61830;15093;5581;928;5358;12440;19639;.
      Baden-Baden, Kreisfreie Stadt;1438;439;98;21;95;351;585;6,1
      Karlsruhe, Kreisfreie Stadt;8423;2200;581;147;666;1382;2720;6,3
      Karlsruhe, Landkreis;7338;1467;654;135;787;1621;1821;3,5
      Rastatt, Landkreis;4440;930;400;97;458;1138;1209;3,9
      Heidelberg, Kreisfreie Stadt;3465;825;285;44;254;576;1186;5,9
      Mannheim, Universitätsstadt, Kreisfreie Stadt;9287;3212;858;54;403;1499;3534;6,8
      Neckar-Odenwald-Kreis;3033;397;419;58;315;713;1079;4,4
      Rhein-Neckar-Kreis;11412;2422;1197;147;1039;2304;3388;4,6
      Pforzheim, Kreisfreie Stadt;4605;1593;291;75;429;785;1631;8,6
      Calw, Landkreis;3118;651;287;57;325;735;980;4,3
      Enzkreis;2760;569;217;54;324;659;741;3
      Freudenstadt, Landkreis;2512;388;296;39;262;676;765;4,3
    Freiburg, Regierungsbezirk;43428;8776;3244;618;3628;9232;11743;.
      Freiburg im Breisgau, Kreisfreie Stadt;6324;1587;396;43;269;1071;1828;6,5
      Breisgau-Hochschwarzwald, Landkreis;4360;694;381;54;320;981;1151;3,7
      Emmendingen, Landkreis;2580;439;205;42;253;547;525;3,3
      Ortenaukreis;8358;1451;538;101;707;1931;2459;4
      Rottweil, Landkreis;2324;431;225;54;249;481;631;3,4
      Schwarzwald-Baar-Kreis;3963;873;383;82;424;824;1075;4
      Tuttlingen, Landkreis;2118;463;192;27;184;454;532;3,2
      Konstanz, Landkreis;6057;1268;449;108;547;1362;1626;4,7
      Lörrach, Landkreis;4580;999;313;59;392;954;1316;4,1
      Waldshut, Landkreis;2766;572;163;49;283;629;601;3,4
    Tübingen, Regierungsbezirk;31999;6794;2409;487;3028;7002;8877;.
      Reutlingen, Landkreis;5724;1626;395;83;496;1092;1928;4,3
      Tübingen, Landkreis;3685;869;222;44;285;698;1181;3,6
      Zollernalbkreis;4236;771;458;70;420;955;1296;4,7
      Ulm, Universitätsstadt, Kreisfreie Stadt;2977;959;239;44;245;662;772;5,2
      Alb-Donau-Kreis;3105;624;222;64;384;754;689;3,3
      Biberach, Landkreis;2679;390;276;47;298;673;671;2,9
      Bodenseekreis;3069;556;158;36;249;740;831;3,1
      Ravensburg, Landkreis;3931;617;273;56;398;821;821;3
      Sigmaringen, Landkreis;2592;383;166;42;253;609;688;4,2
  Bayern;248840;49750;22279;4898;23893;55129;62934;4,2
    Oberbayern, Regierungsbezirk;81517;23023;5952;1351;6630;17148;20610;.
      Ingolstadt;2480;573;193;55;227;565;521;4,1
      München, Landeshauptstadt;36984;14893;2467;534;2514;6811;10688;5,6
      Rosenheim;1568;435;146;28;142;290;361;5,5
      Altötting, Landkreis;2050;248;175;45;237;466;513;4
      Berchtesgadener Land, Landkreis;1720;285;163;22;135;401;315;4,1
      Bad Tölz-Wolfratshausen, Landkreis;1753;274;143;22;137;446;405;3,2
      Dachau, Landkreis;1845;452;154;48;221;470;412;2,7
      Ebersberg, Landkreis;1611;304;129;26;122;413;362;2,7
      Eichstätt, Landkreis;856;115;64;23;98;200;110;1,4
      Erding, Landkreis;1451;212;155;27;144;336;300;2,3
      Freising, Landkreis;2165;506;192;38;184;497;355;2,6
      Fürstenfeldbruck, Landkreis;3352;736;214;57;283;786;899;3,5
      Garmisch-Partenkirchen, Landkreis;1612;241;114;31;145;399;335;4,2
      Landsberg am Lech, Landkreis;1594;182;110;38;174;390;361;3,1
      Miesbach, Landkreis;1402;221;112;18;110;400;338;3,3
      Mühldorf a.Inn, Landkreis;2166;306;191;35;227;404;603;4,2
      München, Landkreis;4799;1313;205;55;327;1052;983;3,3
      Neuburg-Schrobenhausen, Landkreis;1080;176;95;36;126;241;234;2,4
      Pfaffenhofen a.d.Ilm, Landkreis;1309;155;111;35;151;335;203;2,3
      Rosenheim, Landkreis;3612;482;301;72;377;836;858;3,2
      Starnberg, Landkreis;1724;333;100;23;115;393;474;3,2
      Traunstein, Landkreis;2604;312;262;43;234;641;610;3,4
      Weilheim-Schongau, Landkreis;1782;270;157;41;204;377;373;3
    Niederbayern, Regierungsbezirk;22099;2246;1959;539;2379;5268;4713;.
      Landshut;1591;353;153;29;142;361;401;5,3
      Passau;1361;205;75;25;125;263;314;6,2
      Straubing;1282;185;131;30;138;231;276;6,1
      Deggendorf, Landkreis;2246;214;200;58;248;496;364;4
      Freyung-Grafenau, Landkreis;1617;53;153;30;136;438;332;4,5
      Kelheim, Landkreis;1796;219;194;47;215;487;378;3,3
      Landshut, Landkreis;2039;203;194;52;231;511;492;2,8
      Passau, Landkreis;3828;275;259;90;405;969;834;4,4
      Regen, Landkreis;1552;86;133;28;140;358;303;4,3
      Rottal-Inn, Landkreis;2034;232;155;76;271;427;485;3,7
      Straubing-Bogen, Landkreis;1467;98;149;35;158;364;246;3,2
      Dingolfing-Landau, Landkreis;1285;122;163;39;172;363;288;2,7
    Oberpfalz, Regierungsbezirk;20600;1974;2113;432;2115;4694;4713;.
      Amberg;1311;154;110;22;112;281;351;6,6
      Regensburg;3325;656;331;49;267;628;832;5
      Weiden i.d.OPf.;1593;199;136;30;155;277;412;8
      Amberg-Sulzbach, Landkreis;1771;105;172;34;177;449;430;3,5
      Cham, Landkreis;2190;106;243;51;248;549;268;3,6
      Neumarkt i.d.OPf., Landkreis;1522;123;156;35;153;389;226;2,5
      Neustadt a.d.Waldnaab, Landkreis;2114;118;227;45;239;493;547;4,5
      Regensburg, Landkreis;2353;221;241;54;257;565;476;2,6
      Schwandorf, Landkreis;2602;194;314;73;319;630;586;3,8
      Tirschenreuth, Landkreis;1820;101;183;41;190;433;585;5,2
    Oberfranken, Regierungsbezirk;24536;2252;2450;439;2356;5820;6182;.
      Bamberg;1870;306;159;32;158;338;481;5,7
      Bayreuth;2204;316;261;26;172;461;585;6,8
      Coburg;1225;139;102;20;118;256;295;6,5
      Hof;1536;273;192;25;139;300;431;7,7
      Bamberg, Landkreis;2514;123;207;53;265;676;591;3,4
      Bayreuth, Landkreis;2047;93;250;36;206;523;471;4
      Coburg, Landkreis;1990;113;198;38;223;490;451;4,7
      Forchheim, Landkreis;1929;193;159;43;219;427;430;3,5
      Hof, Landkreis;2141;164;198;33;199;522;560;4,9
      Kronach, Landkreis;1559;81;190;30;152;403;340;4,6
      Kulmbach, Landkreis;1879;130;180;40;184;467;556;5,3
      Lichtenfels, Landkreis;1611;98;163;39;175;444;393;4,9
      Wunsiedel i.Fichtelgebirge, Landkreis;2030;222;191;26;146;516;598;6
    Mittelfranken, Regierungsbezirk;42695;10450;5025;905;4321;8830;12838;.
      Ansbach;899;148;92;20;105;202;195;4,7
      Erlangen;2288;505;296;35;210;498;795;4,4
      Fürth;4310;1145;454;104;457;769;1260;7,5
      Nürnberg;20666;7009;2445;430;2016;3781;7222;8,8
      Schwabach;913;189;105;18;84;203;298;5
      Ansbach, Landkreis;2798;292;347;70;291;747;688;3,2
      Erlangen-Höchstadt, Landkreis;1643;160;169;33;178;412;341;2,6
      Fürth, Landkreis;1986;226;265;36;201;501;439;3,7
      Nürnberger Land, Landkreis;2518;307;357;47;259;620;571;3,2
      Neustadt a.d.Aisch-Bad Windsheim, Landkreis;1281;98;147;38;172;247;237;2,7
      Roth, Landkreis;1837;174;205;36;180;499;434;3,1
      Weißenburg-Gunzenhausen, Landkreis;1556;197;144;39;168;350;358;3,5
    Unterfranken, Regierungsbezirk;24721;3445;2079;481;2618;5652;6116;.
      Aschaffenburg;2117;578;148;34;179;427;587;6,5
      Schweinfurt;1718;349;134;26;163;400;416;7,3
      Würzburg;3237;659;259;37;237;617;917;5,4
      Aschaffenburg, Landkreis;2767;430;242;51;271;687;664;3,3
      Bad Kissingen, Landkreis;2283;146;213;51;260;625;655;4,7
      Rhön-Grabfeld, Landkreis;1407;81;129;33;180;372;295;3,7
      Haßberge, Landkreis;1645;86;157;42;217;397;336;3,9
      Kitzingen, Landkreis;1457;161;152;30;145;332;312;3,4
      Miltenberg, Landkreis;2127;409;185;45;251;489;408;3,4
      Main-Spessart, Landkreis;1870;187;163;52;251;420;328;2,9
      Schweinfurt, Landkreis;1671;116;123;36;208;386;374;3
      Würzburg, Landkreis;2424;244;175;44;257;499;824;3,1
    Schwaben, Regierungsbezirk;32671;6360;2701;751;3473;7717;7763;.
      Augsburg;9212;2757;732;199;858;1875;2553;7,3
      Kaufbeuren;1285;243;105;43;161;285;360;6,6
      Kempten (Allgäu);1581;318;139;29;165;386;293;5,3
      Memmingen;828;195;55;15;83;196;185;4,2
      Aichach-Friedberg, Landkreis;1845;214;177;47;184;486;389;3
      Augsburg, Landkreis;3546;467;296;95;424;895;731;3,1
      Dillingen a.d.Donau, Landkreis;1294;165;133;26;133;363;320;2,8
      Günzburg, Landkreis;1896;350;174;47;220;427;417;3,2
      Neu-Ulm, Landkreis;2866;628;203;59;307;633;699;3,5
      Lindau (Bodensee), Landkreis;1106;219;72;24;118;243;206;3,1
      Ostallgäu, Landkreis;1854;227;154;47;237;460;385;3
      Unterallgäu, Landkreis;1473;155;135;45;195;387;236;2,3
      Donau-Ries, Landkreis;1481;155;137;28;142;419;446;2,3
      Oberallgäu, Landkreis;2405;269;189;49;248;663;543;3,4
  Saarland;34283;5212;1939;721;3624;6210;11626;7,3
      Saarbrücken, Regionalverband;14729;2594;884;271;1388;2382;5587;9,9
      Saarbrücken, Landeshauptstadt;.;.;.;.;.;.;.;.
      Merzig-Wadern, Landkreis;2601;295;146;58;297;493;763;5,3
      Neunkirchen, Landkreis;5084;659;291;113;590;958;1610;8
      Saarlouis, Landkreis;5925;977;322;197;793;1075;1938;6,3
      Saarpfalz-Kreis;4129;555;164;65;416;886;1291;6
      St. Wendel, Landkreis;1814;133;132;17;141;416;437;4,2
  Berlin;215353;47365;11006;4290;21304;29992;73913;14,5
  Brandenburg;136115;4233;6938;1461;11949;29661;53926;11,3
      Brandenburg an der Havel, Kreisfreie Stadt;5303;202;219;51;520;1113;2257;15,4
      Cottbus, Kreisfreie Stadt;6546;324;346;79;692;1196;2681;13,6
      Frankfurt (Oder), Kreisfreie Stadt;4519;313;271;43;348;905;2103;15,7
      Potsdam, Kreisfreie Stadt;6474;625;313;82;634;983;1910;8,5
      Barnim, Landkreis;9412;306;582;138;991;2000;3752;11,1
      Dahme-Spreewald, Landkreis;6196;224;379;57;504;1359;1748;8
      Elbe-Elster, Landkreis;7652;118;355;89;641;1807;3686;14,7
      Havelland, Landkreis;7486;185;360;93;694;1580;3036;10,1
      Märkisch-Oderland, Landkreis;10354;271;571;107;889;2350;3836;11,3
      Oberhavel, Landkreis;9816;287;411;56;736;2246;4351;9,8
      Oberspreewald-Lausitz, Landkreis;8933;151;455;98;723;1892;4528;15,8
      Oder-Spree, Landkreis;9119;316;505;94;861;2084;3093;10,4
      Ostprignitz-Ruppin, Landkreis;6088;122;268;57;501;1206;1946;12,2
      Potsdam-Mittelmark, Landkreis;7611;192;301;99;689;1839;2695;7,7
      Prignitz, Landkreis;5753;73;267;59;473;1280;2378;15,1
      Spree-Neiße, Landkreis;6794;127;384;23;395;1716;2624;11,2
      Teltow-Fläming, Landkreis;6792;192;314;108;733;1430;2145;8,5
      Uckermark, Landkreis;11267;205;638;127;927;2676;5158;18,1
  Mecklenburg-Vorpommern;101891;2760;5299;1252;9950;20354;33070;13,2
      Kreisfreie Stadt Greifswald, Hansestadt;-;-;-;-;-;-;-;-
      Kreisfreie Stadt Neubrandenburg, Stadt;-;-;-;-;-;-;-;-
      Kreisfreie Stadt Rostock, Hansestadt;12528;786;596;174;1343;2044;4539;13,4
      Kreisfreie Stadt Schwerin, Landeshauptstadt;6017;529;339;72;599;1002;1846;13,6
      Kreisfreie Stadt Stralsund, Hansestadt;-;-;-;-;-;-;-;-
      Kreisfreie Stadt Wismar, Hansestadt;-;-;-;-;-;-;-;-
      Landkreis Bad Doberan;-;-;-;-;-;-;-;-
      Landkreis Demmin;-;-;-;-;-;-;-;-
      Landkreis Güstrow;-;-;-;-;-;-;-;-
      Landkreis Ludwigslust;-;-;-;-;-;-;-;-
      Landkreis Mecklenburg-Strelitz;-;-;-;-;-;-;-;-
      Landkreis Müritz;-;-;-;-;-;-;-;-
      Landkreis Nordvorpommern;-;-;-;-;-;-;-;-
      Landkreis Nordwestmecklenburg;-;-;-;-;-;-;-;-
      Landkreis Ostvorpommern;-;-;-;-;-;-;-;-
      Landkreis Parchim;-;-;-;-;-;-;-;-
      Landkreis Rügen;-;-;-;-;-;-;-;-
      Landkreis Uecker-Randow;-;-;-;-;-;-;-;-
      Landkreis Mecklenburgische Seenplatte;20060;273;1265;229;1896;4232;7273;15,5
      Landkreis Rostock;10794;165;383;131;1050;2208;3430;10,6
      Landkreis Vorpommern-Rügen;16021;224;813;190;1502;3331;4337;15,1
      Landkreis Nordwestmecklenburg;9052;238;475;122;890;1982;3575;11,7
      Landkreis Vorpommern-Greifswald;16755;353;813;203;1601;3350;4820;14,8
      Landkreis Ludwigslust-Parchim;10664;192;616;131;1069;2205;3249;10
  Freistaat Sachsen;207796;8900;10802;2271;17764;48556;80655;10,9
    Chemnitz, Regierungsbezirk;-;-;-;-;-;-;-;-
      Chemnitz, Kreisfreie Stadt;-;-;-;-;-;-;-;-
      Plauen, Kreisfreie Stadt;-;-;-;-;-;-;-;-
      Zwickau, Kreisfreie Stadt;-;-;-;-;-;-;-;-
      Annaberg, Landkreis;-;-;-;-;-;-;-;-
      Chemnitzer Land, Landkreis;-;-;-;-;-;-;-;-
      Freiberg, Landkreis;-;-;-;-;-;-;-;-
      Vogtlandkreis;-;-;-;-;-;-;-;-
      Mittlerer Erzgebirgskreis;-;-;-;-;-;-;-;-
      Mittweida, Landkreis;-;-;-;-;-;-;-;-
      Stollberg, Landkreis;-;-;-;-;-;-;-;-
      Aue-Schwarzenberg, Landkreis;-;-;-;-;-;-;-;-
      Zwickauer Land, Landkreis;-;-;-;-;-;-;-;-
    Dresden, Regierungsbezirk;-;-;-;-;-;-;-;-
      Dresden, Kreisfreie Stadt;-;-;-;-;-;-;-;-
      Görlitz, Kreisfreie Stadt;-;-;-;-;-;-;-;-
      Hoyerswerda, Kreisfreie Stadt;-;-;-;-;-;-;-;-
      Bautzen, Landkreis;-;-;-;-;-;-;-;-
      Meißen, Landkreis;-;-;-;-;-;-;-;-
      Niederschlesischer Oberlausitzkreis;-;-;-;-;-;-;-;-
      Riesa-Großenhain, Landkreis;-;-;-;-;-;-;-;-
      Löbau-Zittau, Landkreis;-;-;-;-;-;-;-;-
      Sächsische Schweiz, Landkreis;-;-;-;-;-;-;-;-
      Weißeritzkreis;-;-;-;-;-;-;-;-
      Kamenz, Landkreis;-;-;-;-;-;-;-;-
    Leipzig, Regierungsbezirk;-;-;-;-;-;-;-;-
      Leipzig, Kreisfreie Stadt;-;-;-;-;-;-;-;-
      Delitzsch, Landkreis;-;-;-;-;-;-;-;-
      Döbeln, Landkreis;-;-;-;-;-;-;-;-
      Leipziger Land, Landkreis;-;-;-;-;-;-;-;-
      Muldentalkreis;-;-;-;-;-;-;-;-
      Torgau-Oschatz, Landkreis;-;-;-;-;-;-;-;-
    Chemnitz, NUTS 2-Region;69587;2263;4274;779;5521;18687;26460;.
      Chemnitz, Stadt;13240;1002;893;164;1092;3251;5440;12,1
      Erzgebirgskreis;17032;264;957;186;1311;4889;6104;10
      Mittelsachsen, Landkreis;14810;319;899;154;1162;4054;6048;9,6
      Vogtlandkreis;10150;289;613;110;813;2700;3490;9,2
      Zwickau, Landkreis;14354;389;911;164;1143;3794;5378;9,3
    Dresden, NUTS 2-Region;81759;3329;3664;753;6766;18519;32613;.
      Dresden, Stadt;24438;1829;1232;283;2377;4273;9062;10,1
      Bautzen, Landkreis;16562;336;657;115;1210;4149;7451;10,9
      Görlitz, Landkreis;17071;615;635;137;1173;4229;6832;14
      Meißen, Landkreis;12140;234;584;108;996;2993;4488;10,3
      Sächsische Schweiz-Osterzgebirge, Landkreis;11548;315;556;109;1010;2875;4781;9,9
    Leipzig, NUTS 2-Region;56450;3309;2865;740;5477;11350;21581;.
      Leipzig, Stadt;30597;2788;1643;425;3068;5379;10751;12,9
      Leipzig, Landkreis;13535;205;648;169;1287;3202;5128;10,7
      Nordsachsen, Landkreis;12319;315;574;146;1123;2770;5702;12,4
  Sachsen-Anhalt;136678;4092;4856;1546;11976;27798;48443;12,4
      Dessau-Roßlau, Kreisfreie Stadt;5322;165;288;54;447;1164;2069;13,4
      Halle (Saale), Kreisfreie Stadt;13846;1010;659;157;1234;2539;5271;13,5
      Magdeburg, Kreisfreie Stadt;13946;905;523;165;1366;2495;5033;12,8
      Altmarkkreis Salzwedel;4720;135;155;72;508;942;1527;10,7
      Anhalt-Bitterfeld, Landkreis;11129;202;339;124;1037;2404;4314;13,1
      Börde, Landkreis;8387;179;382;98;811;1809;2784;9,2
      Burgenlandkreis;12871;237;283;169;1161;2751;5326;14,5
      Harz, Landkreis;11619;174;308;112;903;2287;3222;10,5
      Jerichower Land, Landkreis;4996;86;180;42;388;1131;1876;10,8
      Mansfeld-Südharz, Landkreis;10424;167;407;116;844;2383;4477;15,4
      Saalekreis;10528;263;359;134;1062;2248;2453;10,8
      Salzlandkreis;12611;218;335;113;823;2420;4057;12,9
      Stendal, Landkreis;8798;181;311;109;743;1691;3163;15,3
      Wittenberg, Landkreis;7481;172;328;81;649;1535;2871;11,7
    Dessau, Stat. Region;-;-;-;-;-;-;-;-
      Dessau, Kreisfreie Stadt;-;-;-;-;-;-;-;-
      Anhalt-Zerbst, Kreis;-;-;-;-;-;-;-;-
      Bernburg, Kreis;-;-;-;-;-;-;-;-
      Bitterfeld, Kreis;-;-;-;-;-;-;-;-
      Köthen, Kreis;-;-;-;-;-;-;-;-
      Wittenberg, Kreis;-;-;-;-;-;-;-;-
    Halle, Stat. Region;-;-;-;-;-;-;-;-
      Halle (Saale), Kreisfreie Stadt;-;-;-;-;-;-;-;-
      Burgenlandkreis;-;-;-;-;-;-;-;-
      Mansfelder Land, Kreis;-;-;-;-;-;-;-;-
      Merseburg-Querfurt, Kreis;-;-;-;-;-;-;-;-
      Saalkreis;-;-;-;-;-;-;-;-
      Sangerhausen, Kreis;-;-;-;-;-;-;-;-
      Weißenfels, Kreis;-;-;-;-;-;-;-;-
    Magdeburg, Stat. Region;-;-;-;-;-;-;-;-
      Magdeburg, Kreisfreie Stadt;-;-;-;-;-;-;-;-
      Aschersleben-Staßfurt, Kreis;-;-;-;-;-;-;-;-
      Bördekreis;-;-;-;-;-;-;-;-
      Halberstadt, Kreis;-;-;-;-;-;-;-;-
      Jerichower Land, Kreis;-;-;-;-;-;-;-;-
      Ohrekreis;-;-;-;-;-;-;-;-
      Stendal, Kreis;-;-;-;-;-;-;-;-
      Quedlinburg, Kreis;-;-;-;-;-;-;-;-
      Schönebeck, Kreis;-;-;-;-;-;-;-;-
      Wernigerode, Kreis;-;-;-;-;-;-;-;-
      Altmarkkreis Salzwedel, Kreis;-;-;-;-;-;-;-;-
  Thüringen;99316;2910;6598;991;7938;24271;34104;9,4
      Erfurt, krsfr. Stadt;10118;795;654;86;753;2146;3148;10,6
      Gera, krsfr. Stadt;6027;179;344;50;481;1366;2078;13,4
      Jena, krsfr. Stadt;3684;217;142;21;296;727;1207;7,5
      Suhl, krsfr. Stadt;1515;44;109;22;130;426;323;8,6
      Weimar, krsfr. Stadt;2868;133;137;22;224;537;979;10,4
      Eisenach, krsfr. Stadt;1963;90;191;25;163;387;527;10
      Eichsfeld, Kreis;3631;116;321;46;329;1010;1126;7
      Nordhausen, Kreis;4591;132;277;42;380;928;1645;11,3
      Wartburgkreis;4336;83;325;48;383;1144;1299;6,7
      Unstrut-Hainich-Kreis;6345;121;494;77;545;1534;2490;12,3
      Kyffhäuserkreis;5151;66;325;33;314;1170;2321;13,9
      Schmalkalden-Meiningen, Kreis;4779;47;304;57;391;1151;1593;7,7
      Gotha, Kreis;5880;198;653;68;522;1515;2094;8,8
      Sömmerda, Kreis;3917;42;298;43;322;1049;1484;10,9
      Hildburghausen, Kreis;2087;39;198;20;142;549;553;6,1
      Ilm-Kreis;4929;127;320;50;364;1166;1784;9,4
      Weimarer Land, Kreis;3414;81;216;39;273;874;1173;8,3
      Sonneberg, Kreis;1422;19;145;22;146;391;181;4,9
      Saalfeld-Rudolstadt, Kreis;5016;100;289;51;446;1355;1637;9,2
      Saale-Holzland-Kreis;3399;62;193;36;279;904;1211;8,1
      Saale-Orla-Kreis;3473;53;199;37;318;976;996;8,2
      Greiz, Kreis;4959;54;197;36;312;1513;1722;10,1
      Altenburger Land, Kreis;5811;115;270;60;427;1454;2534;13
